month,year,date,expense_type,department,budget,actual_amount,variance,variance_pct
1,2024,2024-01-01,Salaries,Engineering,25049.04,24659.99,-389.05,-1.55
1,2024,2024-01-01,Salaries,Operations,18844.0,19982.19,1138.19,6.04
1,2024,2024-01-01,Salaries,Sales,50198.97,51973.01,1774.04,3.53
1,2024,2024-01-01,Marketing,Marketing,4182.05,3741.34,-440.71,-10.54
1,2024,2024-01-01,Marketing,HR,6241.63,5533.11,-708.52,-11.35
1,2024,2024-01-01,Marketing,Finance,8851.4,10248.02,1396.62,15.78
1,2024,2024-01-01,Marketing,Sales,2731.45,3494.23,762.78,27.93
1,2024,2024-01-01,Infrastructure,Sales,1816.6,1724.68,-91.92,-5.06
1,2024,2024-01-01,Infrastructure,Engineering,1355.26,1437.36,82.1,6.06
1,2024,2024-01-01,R&D,HR,9153.78,8200.75,-953.03,-10.41
1,2024,2024-01-01,R&D,Operations,15059.65,12922.63,-2137.02,-14.19
1,2024,2024-01-01,Travel,Sales,604.03,781.66,177.63,29.41
1,2024,2024-01-01,Travel,HR,3133.75,2749.25,-384.5,-12.27
1,2024,2024-01-01,Travel,Finance,897.08,877.73,-19.35,-2.16
1,2024,2024-01-01,Software Licenses,Finance,1227.6,1304.91,77.31,6.3
1,2024,2024-01-01,Software Licenses,Marketing,3013.66,2936.38,-77.28,-2.56
1,2024,2024-01-01,Office Supplies,Operations,1552.45,1794.31,241.86,15.58
1,2024,2024-01-01,Office Supplies,HR,1222.67,1286.4,63.73,5.21
1,2024,2024-01-01,Utilities,Finance,849.64,889.5,39.86,4.69
1,2024,2024-01-01,Utilities,Marketing,1717.75,1684.61,-33.14,-1.93
1,2024,2024-01-01,Utilities,Operations,1919.66,1855.51,-64.15,-3.34
1,2024,2024-01-01,Training,HR,1515.22,1358.54,-156.68,-10.34
1,2024,2024-01-01,Training,Finance,722.03,873.24,151.21,20.94
1,2024,2024-01-01,Consulting,HR,1495.58,1834.14,338.56,22.64
1,2024,2024-01-01,Consulting,Operations,7966.57,8075.96,109.39,1.37
1,2024,2024-01-01,Consulting,Sales,1836.71,2233.8,397.09,21.62
1,2024,2024-01-01,Consulting,Finance,2497.35,2664.86,167.51,6.71
1,2024,2024-01-01,Salaries,Operations,21535.98,21422.64,-113.34,-0.53
1,2024,2024-01-01,Salaries,Engineering,27538.04,26870.81,-667.23,-2.42
1,2024,2024-01-01,Marketing,Operations,11212.23,14362.71,3150.48,28.1
1,2024,2024-01-01,Marketing,HR,3230.89,3397.39,166.5,5.15
1,2024,2024-01-01,Marketing,Sales,4173.52,4868.87,695.35,16.66
1,2024,2024-01-01,Marketing,Finance,3625.43,3502.14,-123.29,-3.4
1,2024,2024-01-01,Infrastructure,Sales,3838.81,3917.4,78.59,2.05
1,2024,2024-01-01,Infrastructure,Marketing,2056.48,2321.09,264.61,12.87
1,2024,2024-01-01,R&D,HR,15493.06,13271.54,-2221.52,-14.34
1,2024,2024-01-01,R&D,Marketing,10595.02,12957.66,2362.64,22.3
1,2024,2024-01-01,R&D,Sales,18288.31,15982.82,-2305.49,-12.61
1,2024,2024-01-01,Travel,Marketing,2781.49,3617.79,836.3,30.07
1,2024,2024-01-01,Travel,Sales,1110.92,1163.61,52.69,4.74
1,2024,2024-01-01,Travel,HR,815.11,1094.87,279.76,34.32
1,2024,2024-01-01,Travel,Operations,436.38,346.41,-89.97,-20.62
1,2024,2024-01-01,Software Licenses,Engineering,2904.92,2773.24,-131.68,-4.53
1,2024,2024-01-01,Software Licenses,Finance,1895.41,2078.15,182.74,9.64
1,2024,2024-01-01,Software Licenses,Sales,1345.87,1414.63,68.76,5.11
1,2024,2024-01-01,Office Supplies,Operations,901.83,1061.83,160.0,17.74
1,2024,2024-01-01,Office Supplies,Engineering,255.77,255.5,-0.27,-0.11
1,2024,2024-01-01,Office Supplies,HR,968.34,1014.82,46.48,4.8
1,2024,2024-01-01,Office Supplies,Marketing,323.57,325.17,1.6,0.49
1,2024,2024-01-01,Utilities,HR,1787.74,1850.93,63.19,3.53
1,2024,2024-01-01,Utilities,Finance,1691.86,1751.51,59.65,3.53
1,2024,2024-01-01,Training,Marketing,1775.5,2040.86,265.36,14.95
1,2024,2024-01-01,Training,HR,3405.8,4022.72,616.92,18.11
1,2024,2024-01-01,Training,Engineering,3547.14,3149.9,-397.24,-11.2
1,2024,2024-01-01,Consulting,HR,3590.32,3431.62,-158.7,-4.42
1,2024,2024-01-01,Consulting,Operations,5990.71,7192.16,1201.45,20.06
1,2024,2024-01-01,Consulting,Finance,3389.1,4099.66,710.56,20.97
3,2024,2024-03-01,Salaries,HR,28233.74,27388.8,-844.94,-2.99
3,2024,2024-03-01,Salaries,Marketing,44705.4,47080.0,2374.6,5.31
3,2024,2024-03-01,Marketing,Sales,4658.44,4512.98,-145.46,-3.12
3,2024,2024-03-01,Marketing,Marketing,7433.13,5967.44,-1465.69,-19.72
3,2024,2024-03-01,Marketing,Finance,13038.36,16924.77,3886.41,29.81
3,2024,2024-03-01,Infrastructure,HR,4128.53,4123.99,-4.54,-0.11
3,2024,2024-03-01,Infrastructure,Sales,1093.65,1242.74,149.09,13.63
3,2024,2024-03-01,Infrastructure,Finance,1478.5,1358.59,-119.91,-8.11
3,2024,2024-03-01,R&D,Finance,4685.01,5492.35,807.34,17.23
3,2024,2024-03-01,R&D,Operations,13459.82,14915.26,1455.44,10.81
3,2024,2024-03-01,Travel,Finance,2481.56,2925.84,444.28,17.9
3,2024,2024-03-01,Travel,Sales,1721.64,2297.48,575.84,33.45
3,2024,2024-03-01,Travel,Engineering,2632.37,3395.16,762.79,28.98
3,2024,2024-03-01,Travel,Operations,1301.43,1105.87,-195.56,-15.03
3,2024,2024-03-01,Software Licenses,Engineering,2780.02,3112.09,332.07,11.94
3,2024,2024-03-01,Software Licenses,Sales,633.38,592.47,-40.91,-6.46
3,2024,2024-03-01,Software Licenses,Operations,2550.02,2776.49,226.47,8.88
3,2024,2024-03-01,Office Supplies,Sales,1261.65,1232.45,-29.2,-2.31
3,2024,2024-03-01,Office Supplies,Engineering,205.39,233.25,27.86,13.56
3,2024,2024-03-01,Office Supplies,Finance,1066.91,1047.6,-19.31,-1.81
3,2024,2024-03-01,Office Supplies,Operations,915.57,823.23,-92.34,-10.09
3,2024,2024-03-01,Utilities,Finance,1135.66,1074.17,-61.49,-5.41
3,2024,2024-03-01,Utilities,Marketing,1135.3,1190.16,54.86,4.83
3,2024,2024-03-01,Training,Sales,2265.63,2650.37,384.74,16.98
3,2024,2024-03-01,Training,Marketing,1516.26,1744.23,227.97,15.04
3,2024,2024-03-01,Training,Operations,975.55,1195.77,220.22,22.57
3,2024,2024-03-01,Consulting,Marketing,5085.66,6620.06,1534.4,30.17
3,2024,2024-03-01,Consulting,Sales,3088.61,3119.02,30.41,0.98
3,2024,2024-03-01,Consulting,Finance,4692.09,5830.34,1138.25,24.26
3,2024,2024-03-01,Salaries,Marketing,18880.92,20287.33,1406.41,7.45
3,2024,2024-03-01,Salaries,Sales,37980.68,39732.83,1752.15,4.61
3,2024,2024-03-01,Salaries,Engineering,23242.59,24184.14,941.55,4.05
3,2024,2024-03-01,Marketing,Engineering,6340.48,7332.47,991.99,15.65
3,2024,2024-03-01,Marketing,Finance,6131.86,5355.55,-776.31,-12.66
3,2024,2024-03-01,Infrastructure,Finance,2327.01,2293.35,-33.66,-1.45
3,2024,2024-03-01,Infrastructure,Sales,1900.1,1952.23,52.13,2.74
3,2024,2024-03-01,R&D,Finance,8124.7,8193.35,68.65,0.84
3,2024,2024-03-01,R&D,HR,9420.96,8660.56,-760.4,-8.07
3,2024,2024-03-01,R&D,Operations,14856.06,15628.59,772.53,5.2
3,2024,2024-03-01,Travel,Sales,1141.41,1221.7,80.29,7.03
3,2024,2024-03-01,Travel,Engineering,533.37,550.67,17.3,3.24
3,2024,2024-03-01,Software Licenses,Finance,2177.08,2411.48,234.4,10.77
3,2024,2024-03-01,Software Licenses,Engineering,993.12,1001.87,8.75,0.88
3,2024,2024-03-01,Office Supplies,Engineering,868.52,879.83,11.31,1.3
3,2024,2024-03-01,Office Supplies,Marketing,423.79,485.43,61.64,14.54
3,2024,2024-03-01,Utilities,Finance,1188.74,1146.47,-42.27,-3.56
3,2024,2024-03-01,Utilities,Engineering,556.83,559.4,2.57,0.46
3,2024,2024-03-01,Training,Finance,2670.3,2420.48,-249.82,-9.36
3,2024,2024-03-01,Training,Marketing,1177.42,1295.71,118.29,10.05
3,2024,2024-03-01,Training,Sales,1486.78,1596.99,110.21,7.41
3,2024,2024-03-01,Consulting,Finance,1028.99,787.44,-241.55,-23.47
3,2024,2024-03-01,Consulting,Sales,1083.72,1040.6,-43.12,-3.98
4,2024,2024-04-01,Salaries,Engineering,43096.16,44232.43,1136.27,2.64
4,2024,2024-04-01,Salaries,Marketing,36215.28,38411.07,2195.79,6.06
4,2024,2024-04-01,Marketing,Marketing,4833.21,4846.14,12.93,0.27
4,2024,2024-04-01,Marketing,Finance,4840.25,4207.4,-632.85,-13.07
4,2024,2024-04-01,Infrastructure,Finance,2063.14,1895.34,-167.8,-8.13
4,2024,2024-04-01,Infrastructure,Operations,1092.45,1063.06,-29.39,-2.69
4,2024,2024-04-01,R&D,HR,11146.02,9991.12,-1154.9,-10.36
4,2024,2024-04-01,R&D,Sales,15009.89,14066.09,-943.8,-6.29
4,2024,2024-04-01,Travel,Engineering,2018.9,1683.93,-334.97,-16.59
4,2024,2024-04-01,Travel,HR,1073.73,1502.43,428.7,39.93
4,2024,2024-04-01,Software Licenses,Sales,4325.64,4251.92,-73.72,-1.7
4,2024,2024-04-01,Software Licenses,Operations,1441.16,1582.61,141.45,9.82
4,2024,2024-04-01,Office Supplies,Marketing,929.55,1001.09,71.54,7.7
4,2024,2024-04-01,Office Supplies,Finance,418.98,448.08,29.1,6.95
4,2024,2024-04-01,Office Supplies,Operations,522.6,460.04,-62.56,-11.97
4,2024,2024-04-01,Office Supplies,Sales,1326.92,1553.61,226.69,17.08
4,2024,2024-04-01,Utilities,HR,1404.49,1376.95,-27.54,-1.96
4,2024,2024-04-01,Utilities,Sales,1815.36,1891.92,76.56,4.22
4,2024,2024-04-01,Training,Engineering,2899.37,2390.1,-509.27,-17.56
4,2024,2024-04-01,Training,Sales,1461.99,1787.74,325.75,22.28
4,2024,2024-04-01,Training,Finance,1953.16,1919.37,-33.79,-1.73
4,2024,2024-04-01,Training,Marketing,2803.68,3064.92,261.24,9.32
4,2024,2024-04-01,Consulting,Engineering,3948.73,4323.56,374.83,9.49
4,2024,2024-04-01,Consulting,Operations,2641.43,2549.05,-92.38,-3.5
4,2024,2024-04-01,Consulting,HR,1825.06,1953.17,128.11,7.02
4,2024,2024-04-01,Consulting,Finance,4253.18,3939.23,-313.95,-7.38
5,2024,2024-05-01,Salaries,Marketing,25608.04,26157.68,549.64,2.15
5,2024,2024-05-01,Salaries,HR,14244.18,15310.4,1066.22,7.49
5,2024,2024-05-01,Marketing,HR,4407.4,4451.76,44.36,1.01
5,2024,2024-05-01,Marketing,Operations,10388.72,11411.76,1023.04,9.85
5,2024,2024-05-01,Marketing,Finance,3792.19,3876.88,84.69,2.23
5,2024,2024-05-01,Marketing,Marketing,8692.23,9970.96,1278.73,14.71
5,2024,2024-05-01,Infrastructure,Operations,1953.3,1923.02,-30.28,-1.55
5,2024,2024-05-01,Infrastructure,Finance,1634.8,1531.34,-103.46,-6.33
5,2024,2024-05-01,Infrastructure,Marketing,1663.16,1867.72,204.56,12.3
5,2024,2024-05-01,R&D,Finance,9361.95,8248.16,-1113.79,-11.9
5,2024,2024-05-01,R&D,HR,9960.93,12119.8,2158.87,21.67
5,2024,2024-05-01,R&D,Marketing,12171.31,13883.55,1712.24,14.07
5,2024,2024-05-01,R&D,Operations,6480.75,5689.98,-790.77,-12.2
5,2024,2024-05-01,Travel,Sales,862.36,1068.62,206.26,23.92
5,2024,2024-05-01,Travel,Finance,2145.84,2331.39,185.55,8.65
5,2024,2024-05-01,Travel,HR,1184.21,1568.99,384.78,32.49
5,2024,2024-05-01,Software Licenses,Engineering,3332.01,3567.64,235.63,7.07
5,2024,2024-05-01,Software Licenses,Sales,1806.44,1721.26,-85.18,-4.72
5,2024,2024-05-01,Office Supplies,Finance,305.3,312.03,6.73,2.2
5,2024,2024-05-01,Office Supplies,Marketing,1001.35,1099.35,98.0,9.79
5,2024,2024-05-01,Utilities,Engineering,922.14,874.9,-47.24,-5.12
5,2024,2024-05-01,Utilities,Finance,1364.76,1487.23,122.47,8.97
5,2024,2024-05-01,Utilities,HR,1282.39,1278.91,-3.48,-0.27
5,2024,2024-05-01,Training,HR,2369.98,1999.89,-370.09,-15.62
5,2024,2024-05-01,Training,Marketing,494.04,487.56,-6.48,-1.31
5,2024,2024-05-01,Training,Finance,1498.46,1637.27,138.81,9.26
5,2024,2024-05-01,Consulting,Marketing,3505.19,4377.97,872.78,24.9
5,2024,2024-05-01,Consulting,HR,4353.48,4039.39,-314.09,-7.21
6,2024,2024-06-01,Salaries,Engineering,32918.95,32465.33,-453.62,-1.38
6,2024,2024-06-01,Salaries,Sales,21519.03,22288.97,769.94,3.58
6,2024,2024-06-01,Marketing,Operations,6404.7,5444.54,-960.16,-14.99
6,2024,2024-06-01,Marketing,Sales,8657.09,8687.27,30.18,0.35
6,2024,2024-06-01,Marketing,HR,4705.06,4075.87,-629.19,-13.37
6,2024,2024-06-01,Infrastructure,Operations,2012.45,1934.11,-78.34,-3.89
6,2024,2024-06-01,Infrastructure,Sales,4356.99,4447.91,90.92,2.09
6,2024,2024-06-01,Infrastructure,Marketing,5059.57,4695.53,-364.04,-7.2
6,2024,2024-06-01,Infrastructure,Finance,4358.54,4081.95,-276.59,-6.35
6,2024,2024-06-01,R&D,Sales,7092.19,7866.6,774.41,10.92
6,2024,2024-06-01,R&D,Engineering,6847.03,7577.96,730.93,10.68
6,2024,2024-06-01,Travel,HR,2278.43,3080.65,802.22,35.21
6,2024,2024-06-01,Travel,Marketing,2566.04,1941.69,-624.35,-24.33
6,2024,2024-06-01,Software Licenses,HR,887.58,923.28,35.7,4.02
6,2024,2024-06-01,Software Licenses,Operations,2410.0,2277.39,-132.61,-5.5
6,2024,2024-06-01,Software Licenses,Finance,1890.07,2066.95,176.88,9.36
6,2024,2024-06-01,Office Supplies,Sales,983.89,1042.24,58.35,5.93
6,2024,2024-06-01,Office Supplies,HR,441.88,481.1,39.22,8.88
6,2024,2024-06-01,Office Supplies,Operations,352.69,411.26,58.57,16.61
6,2024,2024-06-01,Utilities,Engineering,1129.88,1166.57,36.69,3.25
6,2024,2024-06-01,Utilities,Sales,939.98,954.51,14.53,1.55
6,2024,2024-06-01,Utilities,Finance,939.59,1000.98,61.39,6.53
6,2024,2024-06-01,Training,Engineering,857.45,728.51,-128.94,-15.04
6,2024,2024-06-01,Training,Marketing,822.35,940.18,117.83,14.33
6,2024,2024-06-01,Training,Finance,1400.84,1581.81,180.97,12.92
6,2024,2024-06-01,Training,Operations,1452.64,1638.86,186.22,12.82
6,2024,2024-06-01,Consulting,HR,2451.03,2786.75,335.72,13.7
6,2024,2024-06-01,Consulting,Operations,4442.3,4419.35,-22.95,-0.52
6,2024,2024-06-01,Consulting,Finance,1359.21,1489.32,130.11,9.57
7,2024,2024-07-01,Salaries,Finance,19278.72,19438.39,159.67,0.83
7,2024,2024-07-01,Salaries,Marketing,13116.14,12633.69,-482.45,-3.68
7,2024,2024-07-01,Marketing,Finance,3763.05,4734.39,971.34,25.81
7,2024,2024-07-01,Marketing,Operations,4228.43,3970.41,-258.02,-6.1
7,2024,2024-07-01,Marketing,HR,5576.25,5211.15,-365.1,-6.55
7,2024,2024-07-01,Infrastructure,HR,2392.2,2184.72,-207.48,-8.67
7,2024,2024-07-01,Infrastructure,Engineering,4416.9,4525.7,108.8,2.46
7,2024,2024-07-01,R&D,Marketing,8869.97,8993.12,123.15,1.39
7,2024,2024-07-01,R&D,Sales,8144.11,8536.6,392.49,4.82
7,2024,2024-07-01,R&D,Operations,13044.02,12934.59,-109.43,-0.84
7,2024,2024-07-01,Travel,Sales,1225.52,1351.02,125.5,10.24
7,2024,2024-07-01,Travel,Engineering,2345.09,2866.34,521.25,22.23
7,2024,2024-07-01,Travel,Finance,2970.32,4242.34,1272.02,42.82
7,2024,2024-07-01,Travel,HR,3013.71,2467.11,-546.6,-18.14
7,2024,2024-07-01,Software Licenses,Operations,1211.26,1352.61,141.35,11.67
7,2024,2024-07-01,Software Licenses,Finance,1405.87,1440.04,34.17,2.43
7,2024,2024-07-01,Software Licenses,Marketing,2049.25,2178.26,129.01,6.3
7,2024,2024-07-01,Software Licenses,Engineering,4575.43,4476.22,-99.21,-2.17
7,2024,2024-07-01,Office Supplies,Finance,493.53,492.72,-0.81,-0.16
7,2024,2024-07-01,Office Supplies,Sales,514.22,508.87,-5.35,-1.04
7,2024,2024-07-01,Utilities,Finance,2178.16,2055.45,-122.71,-5.63
7,2024,2024-07-01,Utilities,Marketing,2000.47,2036.6,36.13,1.81
7,2024,2024-07-01,Utilities,Engineering,972.12,961.13,-10.99,-1.13
7,2024,2024-07-01,Utilities,Sales,727.27,751.39,24.12,3.32
7,2024,2024-07-01,Training,Marketing,681.61,728.45,46.84,6.87
7,2024,2024-07-01,Training,Finance,1791.85,1527.6,-264.25,-14.75
7,2024,2024-07-01,Training,HR,2836.83,2473.92,-362.91,-12.79
7,2024,2024-07-01,Consulting,Finance,3276.22,2580.85,-695.37,-21.22
7,2024,2024-07-01,Consulting,Marketing,5113.85,6229.33,1115.48,21.81
7,2024,2024-07-01,Consulting,Operations,3278.14,3160.42,-117.72,-3.59
8,2024,2024-08-01,Salaries,Engineering,33811.73,34176.09,364.36,1.08
8,2024,2024-08-01,Salaries,Finance,28378.14,29695.52,1317.38,4.64
8,2024,2024-08-01,Salaries,Operations,24962.06,25612.22,650.16,2.6
8,2024,2024-08-01,Marketing,HR,4272.25,5544.84,1272.59,29.79
8,2024,2024-08-01,Marketing,Operations,6902.16,7389.01,486.85,7.05
8,2024,2024-08-01,Marketing,Engineering,5978.27,7563.5,1585.23,26.52
8,2024,2024-08-01,Infrastructure,Finance,3228.04,3307.46,79.42,2.46
8,2024,2024-08-01,Infrastructure,Operations,3702.5,3804.69,102.19,2.76
8,2024,2024-08-01,Infrastructure,Engineering,3325.23,3209.87,-115.36,-3.47
8,2024,2024-08-01,Infrastructure,HR,3366.38,3600.79,234.41,6.96
8,2024,2024-08-01,R&D,Marketing,10101.18,10645.85,544.67,5.39
8,2024,2024-08-01,R&D,HR,11810.24,10749.43,-1060.81,-8.98
8,2024,2024-08-01,R&D,Operations,8455.62,7693.27,-762.35,-9.02
8,2024,2024-08-01,Travel,Sales,3813.1,4295.22,482.12,12.64
8,2024,2024-08-01,Travel,Operations,3113.71,3816.59,702.88,22.57
8,2024,2024-08-01,Software Licenses,Finance,725.39,677.66,-47.73,-6.58
8,2024,2024-08-01,Software Licenses,HR,824.58,823.32,-1.26,-0.15
8,2024,2024-08-01,Office Supplies,HR,269.69,280.2,10.51,3.9
8,2024,2024-08-01,Office Supplies,Sales,701.96,619.42,-82.54,-11.76
8,2024,2024-08-01,Office Supplies,Engineering,1435.98,1572.17,136.19,9.48
8,2024,2024-08-01,Utilities,Marketing,1943.79,1888.12,-55.67,-2.86
8,2024,2024-08-01,Utilities,Engineering,2114.39,2217.96,103.57,4.9
8,2024,2024-08-01,Training,Sales,1591.79,1773.67,181.88,11.43
8,2024,2024-08-01,Training,HR,2445.6,2096.05,-349.55,-14.29
8,2024,2024-08-01,Consulting,Sales,2503.23,2285.18,-218.05,-8.71
8,2024,2024-08-01,Consulting,HR,1091.17,1068.24,-22.93,-2.1
8,2024,2024-08-01,Consulting,Operations,1346.65,1806.58,459.93,34.15
8,2024,2024-08-01,Consulting,Finance,5464.46,4688.71,-775.75,-14.2
9,2024,2024-09-01,Salaries,Finance,33658.97,36109.63,2450.66,7.28
9,2024,2024-09-01,Salaries,Marketing,39297.3,41511.77,2214.47,5.64
9,2024,2024-09-01,Salaries,Sales,13774.29,14274.01,499.72,3.63
9,2024,2024-09-01,Salaries,Engineering,13358.28,13933.82,575.54,4.31
9,2024,2024-09-01,Marketing,Sales,5010.51,6306.75,1296.24,25.87
9,2024,2024-09-01,Marketing,Engineering,3551.39,3030.34,-521.05,-14.67
9,2024,2024-09-01,Infrastructure,Operations,1079.76,995.44,-84.32,-7.81
9,2024,2024-09-01,Infrastructure,HR,2311.38,2488.52,177.14,7.66
9,2024,2024-09-01,Infrastructure,Engineering,5245.8,5417.12,171.32,3.27
9,2024,2024-09-01,R&D,HR,6175.56,6089.48,-86.08,-1.39
9,2024,2024-09-01,R&D,Sales,6537.55,6386.08,-151.47,-2.32
9,2024,2024-09-01,Travel,HR,1692.55,2329.97,637.42,37.66
9,2024,2024-09-01,Travel,Engineering,1083.16,1229.08,145.92,13.47
9,2024,2024-09-01,Travel,Finance,849.06,972.18,123.12,14.5
9,2024,2024-09-01,Travel,Marketing,1650.61,2280.52,629.91,38.16
9,2024,2024-09-01,Software Licenses,Marketing,2474.41,2649.7,175.29,7.08
9,2024,2024-09-01,Software Licenses,Finance,1927.14,2080.32,153.18,7.95
9,2024,2024-09-01,Software Licenses,Operations,1917.2,2075.22,158.02,8.24
9,2024,2024-09-01,Office Supplies,Marketing,383.31,347.89,-35.42,-9.24
9,2024,2024-09-01,Office Supplies,Finance,1153.32,1299.66,146.34,12.69
9,2024,2024-09-01,Office Supplies,Operations,681.36,656.73,-24.63,-3.61
9,2024,2024-09-01,Utilities,Operations,677.88,684.34,6.46,0.95
9,2024,2024-09-01,Utilities,Marketing,1611.04,1660.31,49.27,3.06
9,2024,2024-09-01,Utilities,Sales,757.86,825.67,67.81,8.95
9,2024,2024-09-01,Utilities,Finance,1930.36,1934.5,4.14,0.21
9,2024,2024-09-01,Training,Operations,1832.36,1662.58,-169.78,-9.27
9,2024,2024-09-01,Training,Finance,3045.86,2721.99,-323.87,-10.63
9,2024,2024-09-01,Training,Marketing,1234.43,1163.99,-70.44,-5.71
9,2024,2024-09-01,Training,HR,2434.55,2349.0,-85.55,-3.51
9,2024,2024-09-01,Consulting,Sales,4643.14,6004.16,1361.02,29.31
9,2024,2024-09-01,Consulting,Engineering,6221.56,4744.57,-1476.99,-23.74
10,2024,2024-10-01,Salaries,HR,16740.43,16828.49,88.06,0.53
10,2024,2024-10-01,Salaries,Marketing,41553.9,43889.82,2335.92,5.62
10,2024,2024-10-01,Salaries,Finance,22125.18,23495.73,1370.55,6.19
10,2024,2024-10-01,Marketing,Marketing,6926.5,6360.76,-565.74,-8.17
10,2024,2024-10-01,Marketing,HR,9437.35,11132.88,1695.53,17.97
10,2024,2024-10-01,Marketing,Finance,3302.22,4129.49,827.27,25.05
10,2024,2024-10-01,Marketing,Engineering,4926.17,4688.97,-237.2,-4.82
10,2024,2024-10-01,Infrastructure,Marketing,1963.88,2125.9,162.02,8.25
10,2024,2024-10-01,Infrastructure,Operations,1692.74,1804.16,111.42,6.58
10,2024,2024-10-01,Infrastructure,Engineering,3555.37,4054.2,498.83,14.03
10,2024,2024-10-01,Infrastructure,HR,2082.12,1993.81,-88.31,-4.24
10,2024,2024-10-01,R&D,Sales,5144.04,4634.6,-509.44,-9.9
10,2024,2024-10-01,R&D,Operations,6455.42,7664.81,1209.39,18.73
10,2024,2024-10-01,R&D,Finance,16119.5,17322.85,1203.35,7.47
10,2024,2024-10-01,R&D,HR,5703.58,5532.12,-171.46,-3.01
10,2024,2024-10-01,Travel,Engineering,1626.1,1785.63,159.53,9.81
10,2024,2024-10-01,Travel,Finance,758.0,543.19,-214.81,-28.34
10,2024,2024-10-01,Software Licenses,Marketing,917.65,988.39,70.74,7.71
10,2024,2024-10-01,Software Licenses,HR,1545.58,1541.15,-4.43,-0.29
10,2024,2024-10-01,Software Licenses,Finance,1537.49,1592.73,55.24,3.59
10,2024,2024-10-01,Software Licenses,Sales,2161.91,2008.53,-153.38,-7.09
10,2024,2024-10-01,Office Supplies,Marketing,607.81,664.22,56.41,9.28
10,2024,2024-10-01,Office Supplies,Operations,287.61,327.13,39.52,13.74
10,2024,2024-10-01,Office Supplies,Engineering,378.43,391.61,13.18,3.48
10,2024,2024-10-01,Office Supplies,HR,516.19,572.84,56.65,10.97
10,2024,2024-10-01,Utilities,Finance,1080.82,1136.6,55.78,5.16
10,2024,2024-10-01,Utilities,HR,1186.27,1140.65,-45.62,-3.85
10,2024,2024-10-01,Training,Engineering,3031.81,3083.63,51.82,1.71
10,2024,2024-10-01,Training,Marketing,2416.55,2822.2,405.65,16.79
10,2024,2024-10-01,Training,Operations,2400.14,2285.02,-115.12,-4.8
10,2024,2024-10-01,Training,Sales,1877.81,2042.25,164.44,8.76
10,2024,2024-10-01,Consulting,HR,1595.84,1665.09,69.25,4.34
10,2024,2024-10-01,Consulting,Sales,5481.76,5801.51,319.75,5.83
10,2024,2024-10-01,Consulting,Operations,1841.92,2286.62,444.7,24.14
11,2024,2024-11-01,Salaries,Engineering,29889.82,30290.39,400.57,1.34
11,2024,2024-11-01,Salaries,Marketing,24960.54,23975.26,-985.28,-3.95
11,2024,2024-11-01,Salaries,Finance,25732.91,24661.99,-1070.92,-4.16
11,2024,2024-11-01,Marketing,Marketing,5974.78,6891.61,916.83,15.35
11,2024,2024-11-01,Marketing,Sales,9087.91,9131.34,43.43,0.48
11,2024,2024-11-01,Infrastructure,HR,3639.62,3659.24,19.62,0.54
11,2024,2024-11-01,Infrastructure,Operations,4629.17,4389.49,-239.68,-5.18
11,2024,2024-11-01,Infrastructure,Sales,2543.14,2484.9,-58.24,-2.29
11,2024,2024-11-01,R&D,HR,7847.08,7056.17,-790.91,-10.08
11,2024,2024-11-01,R&D,Sales,16517.37,18078.67,1561.3,9.45
11,2024,2024-11-01,R&D,Marketing,11932.15,13859.55,1927.4,16.15
11,2024,2024-11-01,Travel,Finance,2060.87,2318.89,258.02,12.52
11,2024,2024-11-01,Travel,Sales,1378.0,1442.16,64.16,4.66
11,2024,2024-11-01,Software Licenses,Sales,1013.63,1073.6,59.97,5.92
11,2024,2024-11-01,Software Licenses,Finance,4717.17,4864.08,146.91,3.11
11,2024,2024-11-01,Software Licenses,Marketing,1656.33,1754.16,97.83,5.91
11,2024,2024-11-01,Office Supplies,HR,290.8,314.21,23.41,8.05
11,2024,2024-11-01,Office Supplies,Engineering,288.69,326.09,37.4,12.96
11,2024,2024-11-01,Office Supplies,Finance,296.7,267.75,-28.95,-9.76
11,2024,2024-11-01,Office Supplies,Operations,337.02,374.86,37.84,11.23
11,2024,2024-11-01,Utilities,Operations,1142.0,1103.26,-38.74,-3.39
11,2024,2024-11-01,Utilities,Engineering,1277.17,1325.45,48.28,3.78
11,2024,2024-11-01,Training,Finance,2849.76,2629.86,-219.9,-7.72
11,2024,2024-11-01,Training,HR,2477.81,2118.66,-359.15,-14.49
11,2024,2024-11-01,Consulting,Engineering,1092.66,1251.79,159.13,14.56
11,2024,2024-11-01,Consulting,Sales,1414.39,1466.37,51.98,3.68
11,2024,2024-11-01,Consulting,Operations,2424.71,2274.21,-150.5,-6.21
12,2024,2024-12-01,Salaries,HR,41564.09,42991.51,1427.42,3.43
12,2024,2024-12-01,Salaries,Sales,36044.44,35468.87,-575.57,-1.6
12,2024,2024-12-01,Marketing,Sales,7246.59,7450.58,203.99,2.81
12,2024,2024-12-01,Marketing,Marketing,11819.24,9881.04,-1938.2,-16.4
12,2024,2024-12-01,Infrastructure,Operations,1036.27,1032.22,-4.05,-0.39
12,2024,2024-12-01,Infrastructure,Marketing,2400.43,2174.28,-226.15,-9.42
12,2024,2024-12-01,Infrastructure,Engineering,1703.62,1930.01,226.39,13.29
12,2024,2024-12-01,R&D,Sales,14583.87,17713.91,3130.04,21.46
12,2024,2024-12-01,R&D,Marketing,7171.11,6616.41,-554.7,-7.74
12,2024,2024-12-01,Travel,Engineering,1457.2,1064.24,-392.96,-26.97
12,2024,2024-12-01,Travel,Operations,960.98,1135.44,174.46,18.15
12,2024,2024-12-01,Travel,Finance,1587.21,2070.45,483.24,30.45
12,2024,2024-12-01,Software Licenses,Finance,1359.35,1467.31,107.96,7.94
12,2024,2024-12-01,Software Licenses,Engineering,1805.46,1802.34,-3.12,-0.17
12,2024,2024-12-01,Office Supplies,Sales,430.21,490.57,60.36,14.03
12,2024,2024-12-01,Office Supplies,HR,705.21,762.54,57.33,8.13
12,2024,2024-12-01,Utilities,Engineering,828.99,806.69,-22.3,-2.69
12,2024,2024-12-01,Utilities,Marketing,411.27,407.9,-3.37,-0.82
12,2024,2024-12-01,Utilities,Finance,1275.33,1343.17,67.84,5.32
12,2024,2024-12-01,Training,Finance,2161.34,2721.82,560.48,25.93
12,2024,2024-12-01,Training,Engineering,1767.05,1943.44,176.39,9.98
12,2024,2024-12-01,Training,Marketing,2772.86,2802.74,29.88,1.08
12,2024,2024-12-01,Training,Operations,704.08,747.02,42.94,6.1
12,2024,2024-12-01,Consulting,HR,6542.34,6245.26,-297.08,-4.54
12,2024,2024-12-01,Consulting,Finance,5971.54,5529.78,-441.76,-7.4
1,2025,2025-01-01,Salaries,Sales,11249.65,11920.84,671.19,5.97
1,2025,2025-01-01,Salaries,Finance,36055.69,35538.27,-517.42,-1.44
1,2025,2025-01-01,Salaries,Engineering,48544.45,50845.08,2300.63,4.74
1,2025,2025-01-01,Marketing,Finance,5083.45,5403.07,319.62,6.29
1,2025,2025-01-01,Marketing,Sales,5437.95,5402.5,-35.45,-0.65
1,2025,2025-01-01,Marketing,Marketing,7227.82,8760.66,1532.84,21.21
1,2025,2025-01-01,Infrastructure,HR,2311.36,2435.88,124.52,5.39
1,2025,2025-01-01,Infrastructure,Marketing,2252.65,2350.42,97.77,4.34
1,2025,2025-01-01,R&D,Sales,11881.29,13956.49,2075.2,17.47
1,2025,2025-01-01,R&D,HR,12746.83,11144.26,-1602.57,-12.57
1,2025,2025-01-01,R&D,Finance,5801.08,5701.15,-99.93,-1.72
1,2025,2025-01-01,R&D,Operations,7600.06,7613.53,13.47,0.18
1,2025,2025-01-01,Travel,Marketing,2462.54,3565.78,1103.24,44.8
1,2025,2025-01-01,Travel,Operations,1485.14,1334.04,-151.1,-10.17
1,2025,2025-01-01,Travel,HR,1950.12,1404.99,-545.13,-27.95
1,2025,2025-01-01,Travel,Sales,1775.21,2094.61,319.4,17.99
1,2025,2025-01-01,Software Licenses,Marketing,1099.8,1201.56,101.76,9.25
1,2025,2025-01-01,Software Licenses,Operations,2332.99,2342.56,9.57,0.41
1,2025,2025-01-01,Office Supplies,Sales,1237.47,1391.13,153.66,12.42
1,2025,2025-01-01,Office Supplies,HR,1036.39,1013.37,-23.02,-2.22
1,2025,2025-01-01,Utilities,Operations,825.3,842.55,17.25,2.09
1,2025,2025-01-01,Utilities,Sales,870.01,927.91,57.9,6.66
1,2025,2025-01-01,Training,Engineering,1611.3,1350.36,-260.94,-16.19
1,2025,2025-01-01,Training,Operations,2445.81,2411.42,-34.39,-1.41
1,2025,2025-01-01,Consulting,Engineering,2367.03,3007.89,640.86,27.07
1,2025,2025-01-01,Consulting,Sales,1763.61,1630.17,-133.44,-7.57
1,2025,2025-01-01,Consulting,Operations,3917.21,2946.73,-970.48,-24.77
1,2025,2025-01-01,Consulting,Finance,5361.36,4451.83,-909.53,-16.96
2,2025,2025-02-01,Salaries,Sales,48022.02,48626.97,604.95,1.26
2,2025,2025-02-01,Salaries,Engineering,31669.57,31051.87,-617.7,-1.95
2,2025,2025-02-01,Marketing,Marketing,3010.28,3550.8,540.52,17.96
2,2025,2025-02-01,Marketing,Operations,7223.01,6567.42,-655.59,-9.08
2,2025,2025-02-01,Marketing,Sales,8600.32,8419.23,-181.09,-2.11
2,2025,2025-02-01,Infrastructure,HR,3403.56,3708.3,304.74,8.95
2,2025,2025-02-01,Infrastructure,Operations,1552.21,1773.22,221.01,14.24
2,2025,2025-02-01,Infrastructure,Finance,3625.73,3663.26,37.53,1.04
2,2025,2025-02-01,Infrastructure,Engineering,2112.31,2201.33,89.02,4.21
2,2025,2025-02-01,R&D,Operations,5495.78,6622.62,1126.84,20.5
2,2025,2025-02-01,R&D,Finance,7808.3,7662.52,-145.78,-1.87
2,2025,2025-02-01,R&D,Marketing,7515.82,9009.49,1493.67,19.87
2,2025,2025-02-01,R&D,HR,12329.69,14301.67,1971.98,15.99
2,2025,2025-02-01,Travel,HR,998.21,1434.99,436.78,43.76
2,2025,2025-02-01,Travel,Engineering,980.54,1414.2,433.66,44.23
2,2025,2025-02-01,Software Licenses,Sales,1654.45,1831.75,177.3,10.72
2,2025,2025-02-01,Software Licenses,HR,1102.63,1097.13,-5.5,-0.5
2,2025,2025-02-01,Software Licenses,Operations,1154.7,1244.77,90.07,7.8
2,2025,2025-02-01,Office Supplies,Engineering,609.47,638.14,28.67,4.7
2,2025,2025-02-01,Office Supplies,Operations,1060.08,1030.93,-29.15,-2.75
2,2025,2025-02-01,Office Supplies,Finance,1015.42,985.12,-30.3,-2.98
2,2025,2025-02-01,Utilities,HR,727.07,751.36,24.29,3.34
2,2025,2025-02-01,Utilities,Sales,1092.63,1121.3,28.67,2.62
2,2025,2025-02-01,Utilities,Operations,859.69,852.29,-7.4,-0.86
2,2025,2025-02-01,Training,Operations,665.02,803.28,138.26,20.79
2,2025,2025-02-01,Training,HR,836.56,730.24,-106.32,-12.71
2,2025,2025-02-01,Training,Marketing,2195.58,2415.98,220.4,10.04
2,2025,2025-02-01,Consulting,Sales,3258.05,4366.6,1108.55,34.02
2,2025,2025-02-01,Consulting,Marketing,3567.18,3626.18,59.0,1.65
2,2025,2025-02-01,Consulting,HR,5195.77,6190.69,994.92,19.15
3,2025,2025-03-01,Salaries,Marketing,23041.05,23972.94,931.89,4.04
3,2025,2025-03-01,Salaries,Finance,33275.37,34207.17,931.8,2.8
3,2025,2025-03-01,Salaries,Sales,23708.44,25332.95,1624.51,6.85
3,2025,2025-03-01,Salaries,Engineering,38215.74,38244.43,28.69,0.08
3,2025,2025-03-01,Marketing,Marketing,8623.58,9261.36,637.78,7.4
3,2025,2025-03-01,Marketing,HR,8980.74,9496.86,516.12,5.75
3,2025,2025-03-01,Infrastructure,HR,918.81,828.63,-90.18,-9.81
3,2025,2025-03-01,Infrastructure,Marketing,3946.45,4014.09,67.64,1.71
3,2025,2025-03-01,R&D,Engineering,13770.02,14851.84,1081.82,7.86
3,2025,2025-03-01,R&D,Sales,9167.94,8362.87,-805.07,-8.78
3,2025,2025-03-01,Travel,Finance,496.37,447.13,-49.24,-9.92
3,2025,2025-03-01,Travel,Operations,1526.88,1318.26,-208.62,-13.66
3,2025,2025-03-01,Software Licenses,Marketing,1524.45,1447.37,-77.08,-5.06
3,2025,2025-03-01,Software Licenses,Sales,3110.04,3395.89,285.85,9.19
3,2025,2025-03-01,Software Licenses,Finance,3751.05,3957.97,206.92,5.52
3,2025,2025-03-01,Office Supplies,Engineering,904.65,836.02,-68.63,-7.59
3,2025,2025-03-01,Office Supplies,Operations,646.87,655.12,8.25,1.28
3,2025,2025-03-01,Office Supplies,Marketing,433.1,427.84,-5.26,-1.21
3,2025,2025-03-01,Utilities,Marketing,849.37,813.51,-35.86,-4.22
3,2025,2025-03-01,Utilities,Finance,1115.28,1129.12,13.84,1.24
3,2025,2025-03-01,Utilities,Operations,582.04,557.23,-24.81,-4.26
3,2025,2025-03-01,Utilities,Sales,404.96,407.28,2.32,0.57
3,2025,2025-03-01,Training,Engineering,2588.38,2828.73,240.35,9.29
3,2025,2025-03-01,Training,HR,1016.33,1219.96,203.63,20.04
3,2025,2025-03-01,Consulting,Sales,2670.11,2809.77,139.66,5.23
3,2025,2025-03-01,Consulting,Operations,3355.04,3226.8,-128.24,-3.82
3,2025,2025-03-01,Consulting,Finance,5700.23,5093.31,-606.92,-10.65
3,2025,2025-03-01,Consulting,HR,2187.59,1734.35,-453.24,-20.72
4,2025,2025-04-01,Salaries,Operations,36847.57,39430.98,2583.41,7.01
4,2025,2025-04-01,Salaries,Finance,19817.65,20320.27,502.62,2.54
4,2025,2025-04-01,Salaries,Marketing,22201.58,22447.1,245.52,1.11
4,2025,2025-04-01,Salaries,HR,15698.82,15750.47,51.65,0.33
4,2025,2025-04-01,Marketing,Finance,8291.79,7401.32,-890.47,-10.74
4,2025,2025-04-01,Marketing,Operations,3150.83,2802.59,-348.24,-11.05
4,2025,2025-04-01,Marketing,Sales,10098.71,11371.69,1272.98,12.61
4,2025,2025-04-01,Infrastructure,Operations,3049.47,2982.82,-66.65,-2.19
4,2025,2025-04-01,Infrastructure,Engineering,6130.56,6278.88,148.32,2.42
4,2025,2025-04-01,Infrastructure,HR,2872.35,2680.23,-192.12,-6.69
4,2025,2025-04-01,R&D,Finance,14952.56,13410.04,-1542.52,-10.32
4,2025,2025-04-01,R&D,Operations,19509.77,23436.5,3926.73,20.13
4,2025,2025-04-01,R&D,Marketing,7251.63,7746.58,494.95,6.83
4,2025,2025-04-01,R&D,HR,6376.73,6433.35,56.62,0.89
4,2025,2025-04-01,Travel,Engineering,818.03,777.18,-40.85,-4.99
4,2025,2025-04-01,Travel,Marketing,1041.0,1228.92,187.92,18.05
4,2025,2025-04-01,Travel,Finance,1392.37,998.28,-394.09,-28.3
4,2025,2025-04-01,Software Licenses,HR,3033.38,3268.71,235.33,7.76
4,2025,2025-04-01,Software Licenses,Finance,1518.93,1676.43,157.5,10.37
4,2025,2025-04-01,Office Supplies,Engineering,736.24,657.8,-78.44,-10.65
4,2025,2025-04-01,Office Supplies,HR,677.84,753.65,75.81,11.18
4,2025,2025-04-01,Office Supplies,Finance,756.08,688.35,-67.73,-8.96
4,2025,2025-04-01,Office Supplies,Sales,260.6,232.89,-27.71,-10.63
4,2025,2025-04-01,Utilities,Finance,1464.19,1510.4,46.21,3.16
4,2025,2025-04-01,Utilities,Sales,1382.25,1369.74,-12.51,-0.91
4,2025,2025-04-01,Utilities,Marketing,750.98,786.14,35.16,4.68
4,2025,2025-04-01,Utilities,HR,353.26,363.66,10.4,2.94
4,2025,2025-04-01,Training,HR,2936.57,3442.58,506.01,17.23
4,2025,2025-04-01,Training,Marketing,2114.52,2417.48,302.96,14.33
4,2025,2025-04-01,Consulting,Operations,2775.2,2664.42,-110.78,-3.99
4,2025,2025-04-01,Consulting,Engineering,2137.45,2785.45,648.0,30.32
4,2025,2025-04-01,Consulting,Sales,2254.93,2903.74,648.81,28.77
5,2025,2025-05-01,Salaries,Finance,30870.51,32648.66,1778.15,5.76
5,2025,2025-05-01,Salaries,Marketing,32407.94,31134.49,-1273.45,-3.93
5,2025,2025-05-01,Salaries,HR,18465.0,18683.9,218.9,1.19
5,2025,2025-05-01,Salaries,Sales,56218.02,59388.7,3170.68,5.64
5,2025,2025-05-01,Marketing,Finance,6789.44,7771.67,982.23,14.47
5,2025,2025-05-01,Marketing,Sales,6237.82,5041.79,-1196.03,-19.17
5,2025,2025-05-01,Infrastructure,Sales,2396.56,2543.69,147.13,6.14
5,2025,2025-05-01,Infrastructure,HR,2545.0,2866.4,321.4,12.63
5,2025,2025-05-01,R&D,HR,9631.34,8621.23,-1010.11,-10.49
5,2025,2025-05-01,R&D,Engineering,9984.69,10124.59,139.9,1.4
5,2025,2025-05-01,Travel,Engineering,1572.77,2143.81,571.04,36.31
5,2025,2025-05-01,Travel,Operations,2273.47,2255.42,-18.05,-0.79
5,2025,2025-05-01,Travel,Marketing,1261.13,1780.52,519.39,41.18
5,2025,2025-05-01,Software Licenses,Finance,4641.01,5026.44,385.43,8.3
5,2025,2025-05-01,Software Licenses,HR,3492.22,3632.29,140.07,4.01
5,2025,2025-05-01,Software Licenses,Engineering,1170.64,1304.4,133.76,11.43
5,2025,2025-05-01,Software Licenses,Marketing,2488.52,2335.83,-152.69,-6.14
5,2025,2025-05-01,Office Supplies,Operations,485.58,434.83,-50.75,-10.45
5,2025,2025-05-01,Office Supplies,Marketing,278.08,314.6,36.52,13.13
5,2025,2025-05-01,Office Supplies,Engineering,292.2,258.03,-34.17,-11.69
5,2025,2025-05-01,Office Supplies,Sales,962.97,1033.74,70.77,7.35
5,2025,2025-05-01,Utilities,Sales,663.49,695.37,31.88,4.8
5,2025,2025-05-01,Utilities,Finance,923.61,935.64,12.03,1.3
5,2025,2025-05-01,Utilities,Marketing,527.92,554.39,26.47,5.01
5,2025,2025-05-01,Utilities,Engineering,807.7,796.8,-10.9,-1.35
5,2025,2025-05-01,Training,HR,3650.67,4439.13,788.46,21.6
5,2025,2025-05-01,Training,Finance,1928.72,1908.56,-20.16,-1.05
5,2025,2025-05-01,Consulting,Marketing,1538.25,1724.74,186.49,12.12
5,2025,2025-05-01,Consulting,Sales,3667.16,3096.69,-570.47,-15.56
5,2025,2025-05-01,Consulting,Finance,1392.12,1396.32,4.2,0.3
5,2025,2025-05-01,Consulting,Engineering,1141.82,1142.34,0.52,0.05
6,2025,2025-06-01,Salaries,HR,29784.51,29319.09,-465.42,-1.56
6,2025,2025-06-01,Salaries,Engineering,30680.87,30359.4,-321.47,-1.05
6,2025,2025-06-01,Salaries,Marketing,41391.0,41040.57,-350.43,-0.85
6,2025,2025-06-01,Salaries,Operations,52453.54,56273.39,3819.85,7.28
6,2025,2025-06-01,Marketing,HR,6395.65,6014.66,-380.99,-5.96
6,2025,2025-06-01,Marketing,Engineering,10068.78,11210.15,1141.37,11.34
6,2025,2025-06-01,Infrastructure,Sales,3550.45,3556.62,6.17,0.17
6,2025,2025-06-01,Infrastructure,Marketing,5282.69,6050.54,767.85,14.54
6,2025,2025-06-01,R&D,Operations,11427.13,11988.78,561.65,4.92
6,2025,2025-06-01,R&D,Marketing,13740.7,12995.6,-745.1,-5.42
6,2025,2025-06-01,Travel,Marketing,1545.23,1193.75,-351.48,-22.75
6,2025,2025-06-01,Travel,HR,982.99,986.62,3.63,0.37
6,2025,2025-06-01,Travel,Sales,2064.77,2749.27,684.5,33.15
6,2025,2025-06-01,Travel,Finance,2171.0,1860.77,-310.23,-14.29
6,2025,2025-06-01,Software Licenses,Operations,1494.96,1600.27,105.31,7.04
6,2025,2025-06-01,Software Licenses,Sales,2288.43,2335.24,46.81,2.05
6,2025,2025-06-01,Office Supplies,Engineering,1051.89,1074.57,22.68,2.16
6,2025,2025-06-01,Office Supplies,Marketing,547.24,569.19,21.95,4.01
6,2025,2025-06-01,Office Supplies,Finance,334.84,320.82,-14.02,-4.19
6,2025,2025-06-01,Utilities,Operations,1023.72,1054.26,30.54,2.98
6,2025,2025-06-01,Utilities,Finance,2026.39,2100.57,74.18,3.66
6,2025,2025-06-01,Utilities,Engineering,1336.47,1293.62,-42.85,-3.21
6,2025,2025-06-01,Utilities,HR,942.19,1012.2,70.01,7.43
6,2025,2025-06-01,Training,Engineering,1495.45,1726.03,230.58,15.42
6,2025,2025-06-01,Training,Operations,1172.58,1265.88,93.3,7.96
6,2025,2025-06-01,Consulting,Engineering,6832.36,7630.08,797.72,11.68
6,2025,2025-06-01,Consulting,Marketing,1266.95,1322.1,55.15,4.35
7,2025,2025-07-01,Salaries,Engineering,34992.28,34272.52,-719.76,-2.06
7,2025,2025-07-01,Salaries,HR,51284.52,52812.0,1527.48,2.98
7,2025,2025-07-01,Marketing,Engineering,2456.64,2092.1,-364.54,-14.84
7,2025,2025-07-01,Marketing,Finance,4361.4,5326.64,965.24,22.13
7,2025,2025-07-01,Marketing,HR,8013.25,8228.28,215.03,2.68
7,2025,2025-07-01,Infrastructure,Engineering,5112.1,5743.56,631.46,12.35
7,2025,2025-07-01,Infrastructure,HR,1090.53,1187.2,96.67,8.86
7,2025,2025-07-01,Infrastructure,Marketing,2389.76,2450.74,60.98,2.55
7,2025,2025-07-01,Infrastructure,Operations,2888.15,3228.44,340.29,11.78
7,2025,2025-07-01,R&D,Engineering,5885.06,6361.35,476.29,8.09
7,2025,2025-07-01,R&D,Marketing,8717.7,9967.71,1250.01,14.34
7,2025,2025-07-01,R&D,Sales,12039.91,13331.27,1291.36,10.73
7,2025,2025-07-01,Travel,Sales,1865.23,2551.28,686.05,36.78
7,2025,2025-07-01,Travel,Finance,536.04,591.63,55.59,10.37
7,2025,2025-07-01,Travel,Marketing,1639.56,1944.02,304.46,18.57
7,2025,2025-07-01,Software Licenses,Engineering,2780.67,2808.97,28.3,1.02
7,2025,2025-07-01,Software Licenses,Finance,1158.1,1150.16,-7.94,-0.69
7,2025,2025-07-01,Software Licenses,Operations,1574.96,1599.85,24.89,1.58
7,2025,2025-07-01,Software Licenses,HR,1649.28,1586.49,-62.79,-3.81
7,2025,2025-07-01,Office Supplies,Sales,533.45,607.93,74.48,13.96
7,2025,2025-07-01,Office Supplies,Marketing,804.08,780.59,-23.49,-2.92
7,2025,2025-07-01,Utilities,Finance,1272.71,1308.77,36.06,2.83
7,2025,2025-07-01,Utilities,Operations,2291.22,2338.07,46.85,2.04
7,2025,2025-07-01,Training,HR,3298.17,3014.25,-283.92,-8.61
7,2025,2025-07-01,Training,Marketing,1331.95,1298.39,-33.56,-2.52
7,2025,2025-07-01,Consulting,Marketing,4629.16,3582.08,-1047.08,-22.62
7,2025,2025-07-01,Consulting,HR,3332.59,4576.22,1243.63,37.32
8,2025,2025-08-01,Salaries,Engineering,55023.73,57851.45,2827.72,5.14
8,2025,2025-08-01,Salaries,Finance,21198.74,20733.17,-465.57,-2.2
8,2025,2025-08-01,Salaries,HR,23417.59,22366.24,-1051.35,-4.49
8,2025,2025-08-01,Marketing,Sales,12385.05,12265.95,-119.1,-0.96
8,2025,2025-08-01,Marketing,Operations,5870.73,7286.16,1415.43,24.11
8,2025,2025-08-01,Infrastructure,Operations,2861.26,2894.77,33.51,1.17
8,2025,2025-08-01,Infrastructure,HR,3900.13,3681.05,-219.08,-5.62
8,2025,2025-08-01,Infrastructure,Engineering,2237.61,2515.46,277.85,12.42
8,2025,2025-08-01,Infrastructure,Marketing,4213.46,4487.07,273.61,6.49
8,2025,2025-08-01,R&D,Operations,6348.87,6815.12,466.25,7.34
8,2025,2025-08-01,R&D,HR,3753.0,4502.14,749.14,19.96
8,2025,2025-08-01,Travel,HR,2033.94,1805.33,-228.61,-11.24
8,2025,2025-08-01,Travel,Operations,1523.14,1936.25,413.11,27.12
8,2025,2025-08-01,Travel,Marketing,2456.58,1793.75,-662.83,-26.98
8,2025,2025-08-01,Travel,Finance,1406.67,1917.54,510.87,36.32
8,2025,2025-08-01,Software Licenses,Sales,2579.35,2719.49,140.14,5.43
8,2025,2025-08-01,Software Licenses,Engineering,2000.2,1938.4,-61.8,-3.09
8,2025,2025-08-01,Software Licenses,Finance,2062.81,1941.46,-121.35,-5.88
8,2025,2025-08-01,Office Supplies,Sales,495.33,559.3,63.97,12.91
8,2025,2025-08-01,Office Supplies,Engineering,459.27,502.15,42.88,9.34
8,2025,2025-08-01,Office Supplies,Marketing,1436.19,1601.91,165.72,11.54
8,2025,2025-08-01,Utilities,Operations,1177.89,1127.02,-50.87,-4.32
8,2025,2025-08-01,Utilities,Marketing,1982.4,2082.54,100.14,5.05
8,2025,2025-08-01,Training,Marketing,853.87,936.35,82.48,9.66
8,2025,2025-08-01,Training,HR,2639.94,2827.77,187.83,7.11
8,2025,2025-08-01,Training,Engineering,1826.73,2070.6,243.87,13.35
8,2025,2025-08-01,Training,Sales,1046.43,1292.2,245.77,23.49
8,2025,2025-08-01,Consulting,Engineering,4023.65,3114.07,-909.58,-22.61
8,2025,2025-08-01,Consulting,Sales,1188.67,1358.89,170.22,14.32
8,2025,2025-08-01,Consulting,Operations,4177.18,5005.52,828.34,19.83
9,2025,2025-09-01,Salaries,Finance,11267.23,11210.17,-57.06,-0.51
9,2025,2025-09-01,Salaries,Operations,14382.42,14815.63,433.21,3.01
9,2025,2025-09-01,Salaries,Engineering,45407.99,47775.11,2367.12,5.21
9,2025,2025-09-01,Salaries,Marketing,39620.35,38985.33,-635.02,-1.6
9,2025,2025-09-01,Marketing,HR,6494.44,5892.06,-602.38,-9.28
9,2025,2025-09-01,Marketing,Operations,6593.36,8532.76,1939.4,29.41
9,2025,2025-09-01,Infrastructure,Finance,4385.82,4517.46,131.64,3.0
9,2025,2025-09-01,Infrastructure,Marketing,5287.41,6007.46,720.05,13.62
9,2025,2025-09-01,Infrastructure,Engineering,2029.35,2260.05,230.7,11.37
9,2025,2025-09-01,Infrastructure,Operations,2608.1,2678.18,70.08,2.69
9,2025,2025-09-01,R&D,Operations,11630.93,13009.02,1378.09,11.85
9,2025,2025-09-01,R&D,Marketing,9982.37,10373.08,390.71,3.91
9,2025,2025-09-01,Travel,Marketing,3068.06,2725.94,-342.12,-11.15
9,2025,2025-09-01,Travel,Finance,1698.78,1662.6,-36.18,-2.13
9,2025,2025-09-01,Software Licenses,Marketing,1733.56,1694.07,-39.49,-2.28
9,2025,2025-09-01,Software Licenses,Engineering,2278.3,2463.08,184.78,8.11
9,2025,2025-09-01,Software Licenses,Finance,1687.17,1860.28,173.11,10.26
9,2025,2025-09-01,Office Supplies,Marketing,519.21,542.17,22.96,4.42
9,2025,2025-09-01,Office Supplies,Sales,826.07,899.87,73.8,8.93
9,2025,2025-09-01,Utilities,Marketing,681.58,644.09,-37.49,-5.5
9,2025,2025-09-01,Utilities,HR,671.26,713.91,42.65,6.35
9,2025,2025-09-01,Utilities,Sales,826.19,829.75,3.56,0.43
9,2025,2025-09-01,Utilities,Finance,1374.83,1455.04,80.21,5.83
9,2025,2025-09-01,Training,HR,659.4,704.36,44.96,6.82
9,2025,2025-09-01,Training,Engineering,1487.92,1248.94,-238.98,-16.06
9,2025,2025-09-01,Training,Marketing,1290.17,1289.59,-0.58,-0.04
9,2025,2025-09-01,Consulting,HR,1884.14,1644.4,-239.74,-12.72
9,2025,2025-09-01,Consulting,Marketing,2980.99,3512.3,531.31,17.82
10,2025,2025-10-01,Salaries,Marketing,22028.03,21865.69,-162.34,-0.74
10,2025,2025-10-01,Salaries,HR,37114.51,36292.23,-822.28,-2.22
10,2025,2025-10-01,Salaries,Engineering,47999.4,47975.83,-23.57,-0.05
10,2025,2025-10-01,Salaries,Finance,28323.64,29349.85,1026.21,3.62
10,2025,2025-10-01,Marketing,Marketing,6213.37,5646.04,-567.33,-9.13
10,2025,2025-10-01,Marketing,Sales,2246.27,2011.59,-234.68,-10.45
10,2025,2025-10-01,Marketing,Engineering,4392.24,5189.85,797.61,18.16
10,2025,2025-10-01,Infrastructure,Finance,2553.81,2667.76,113.95,4.46
10,2025,2025-10-01,Infrastructure,Operations,6602.09,7377.05,774.96,11.74
10,2025,2025-10-01,R&D,Engineering,10684.39,12099.84,1415.45,13.25
10,2025,2025-10-01,R&D,Marketing,8345.07,8776.66,431.59,5.17
10,2025,2025-10-01,R&D,Operations,6717.42,6884.8,167.38,2.49
10,2025,2025-10-01,R&D,HR,10377.7,12557.43,2179.73,21.0
10,2025,2025-10-01,Travel,Marketing,2508.66,2357.8,-150.86,-6.01
10,2025,2025-10-01,Travel,Operations,1456.85,1324.34,-132.51,-9.1
10,2025,2025-10-01,Travel,Engineering,1600.45,1816.74,216.29,13.51
10,2025,2025-10-01,Software Licenses,Finance,2116.78,2081.15,-35.63,-1.68
10,2025,2025-10-01,Software Licenses,Sales,1536.02,1490.87,-45.15,-2.94
10,2025,2025-10-01,Office Supplies,Engineering,192.66,183.61,-9.05,-4.7
10,2025,2025-10-01,Office Supplies,Sales,246.64,265.51,18.87,7.65
10,2025,2025-10-01,Office Supplies,Operations,346.04,399.31,53.27,15.39
10,2025,2025-10-01,Office Supplies,Finance,731.23,846.36,115.13,15.74
10,2025,2025-10-01,Utilities,Finance,506.44,551.57,45.13,8.91
10,2025,2025-10-01,Utilities,Operations,1463.41,1521.88,58.47,4.0
10,2025,2025-10-01,Utilities,Engineering,891.09,864.36,-26.73,-3.0
10,2025,2025-10-01,Training,Finance,2462.09,2029.99,-432.1,-17.55
10,2025,2025-10-01,Training,Operations,1268.52,1313.17,44.65,3.52
10,2025,2025-10-01,Training,Marketing,2447.92,2071.71,-376.21,-15.37
10,2025,2025-10-01,Training,HR,1771.68,1505.43,-266.25,-15.03
10,2025,2025-10-01,Consulting,Marketing,2403.3,2586.01,182.71,7.6
10,2025,2025-10-01,Consulting,Engineering,2163.49,2856.74,693.25,32.04
10,2025,2025-10-01,Consulting,HR,1850.2,1472.82,-377.38,-20.4
10,2025,2025-10-01,Consulting,Finance,813.37,825.01,11.64,1.43
11,2025,2025-11-01,Salaries,HR,34791.31,35772.74,981.43,2.82
11,2025,2025-11-01,Salaries,Engineering,23037.22,23366.21,328.99,1.43
11,2025,2025-11-01,Salaries,Marketing,46469.15,49062.82,2593.67,5.58
11,2025,2025-11-01,Marketing,Operations,6235.61,5650.02,-585.59,-9.39
11,2025,2025-11-01,Marketing,Engineering,10540.6,8504.91,-2035.69,-19.31
11,2025,2025-11-01,Marketing,Sales,6324.69,7279.01,954.32,15.09
11,2025,2025-11-01,Infrastructure,Engineering,2772.69,2921.91,149.22,5.38
11,2025,2025-11-01,Infrastructure,Finance,1073.09,1175.91,102.82,9.58
11,2025,2025-11-01,R&D,Engineering,3550.44,3783.21,232.77,6.56
11,2025,2025-11-01,R&D,HR,11809.96,11781.24,-28.72,-0.24
11,2025,2025-11-01,Travel,HR,3435.26,3103.14,-332.12,-9.67
11,2025,2025-11-01,Travel,Marketing,3111.63,3779.74,668.11,21.47
11,2025,2025-11-01,Software Licenses,Finance,1874.03,1924.68,50.65,2.7
11,2025,2025-11-01,Software Licenses,Engineering,2775.36,3106.64,331.28,11.94
11,2025,2025-11-01,Software Licenses,Marketing,609.6,570.34,-39.26,-6.44
11,2025,2025-11-01,Office Supplies,Finance,540.5,576.57,36.07,6.67
11,2025,2025-11-01,Office Supplies,Operations,544.95,514.81,-30.14,-5.53
11,2025,2025-11-01,Utilities,Engineering,1640.58,1774.59,134.01,8.17
11,2025,2025-11-01,Utilities,Marketing,730.2,705.1,-25.1,-3.44
11,2025,2025-11-01,Training,Sales,3363.18,2832.39,-530.79,-15.78
11,2025,2025-11-01,Training,Finance,1982.53,1899.75,-82.78,-4.18
11,2025,2025-11-01,Consulting,Engineering,2963.39,2340.78,-622.61,-21.01
11,2025,2025-11-01,Consulting,Operations,1865.31,1586.57,-278.74,-14.94
11,2025,2025-11-01,Consulting,HR,1144.04,1073.24,-70.8,-6.19
11,2025,2025-11-01,Consulting,Finance,3563.25,3475.19,-88.06,-2.47
